list_id,company,raw_company
f1000_4,McKesson,McKesson
f1000_8,AT&T,AT&T
f1000_10,AmerisourceBergen,AmerisourceBergen
f1000_11,Amazon,Amazon.com
f1000_12,General Electric,General Electric
f1000_15,Costco,Costco
f1000_17,Kroger,Kroger
f1000_22,Home Depot,Home Depot
f1000_25,Bank of America,Bank of America Corp.
f1000_27,Microsoft,Microsoft
f1000_30,Comcast,Comcast
f1000_31,IBM,IBM
f1000_32,State Farm Insurance,State Farm Insurance Cos.
f1000_33,Phillips 66,Phillips 66
f1000_38,Freddie Mac,Freddie Mac
f1000_44,Archer Daniels Midland,Archer Daniels Midland
f1000_47,Prudential Financial,Prudential Financial
f1000_49,United Technologies,United Technologies
f1000_54,AIG,AIG
f1000_57,FedEx,FedEx
f1000_58,Hewlett Packard Enterprise,Hewlett Packard Enterprise
f1000_59,Cisco Systems,Cisco Systems
f1000_60,HP,HP
f1000_63,Coca-Cola,Coca-Cola
f1000_64,New York Life Insurance,New York Life Insurance
f1000_66,American Airlines Group,American Airlines Group
f1000_67,Nationwide,Nationwide
f1000_73,Caterpillar,Caterpillar
f1000_78,Energy Transfer Equity,Energy Transfer Equity
f1000_85,American Express,American Express
f1000_86,TJX,TJX
f1000_88,Exelon,Exelon
f1000_92,CHS,CHS
f1000_93,3M,3M
f1000_94,Time Warner,Time Warner
f1000_96,Northwestern Mutual,Northwestern Mutual
f1000_105,Kraft Heinz,Kraft Heinz
f1000_112,DuPont,DuPont
f1000_113,Northrop Grumman,Northrop Grumman
f1000_115,Raytheon,Raytheon
f1000_118,Qualcomm,Qualcomm
f1000_122,Amgen,Amgen
f1000_124,U.S. Bank,U.S. Bancorp
f1000_130,Starbucks,Starbucks
f1000_132,International Paper,International Paper
f1000_135,Dollar Tree,Dollar Tree
f1000_137,Southwest Airlines,Southwest Airlines
f1000_144,Southern,Southern
f1000_146,Bristol-Myers Squibb,Bristol-Myers Squibb
f1000_149,Kohl's,Kohl's
f1000_150,Lear,Lear
f1000_153,Thermo Fisher Scientific,Thermo Fisher Scientific
f1000_154,Kimberly-Clark,Kimberly-Clark
f1000_155,Molina Healthcare,Molina Healthcare
f1000_156,PG&E,PG&E Corp.
f1000_160,Aecom,AECOM
f1000_168,Nucor,Nucor
f1000_170,Performance Food Group,Performance Food Group
f1000_171,PBF Energy,PBF Energy
f1000_172,Halliburton,Halliburton
f1000_175,Whole Foods Market,Whole Foods Market
f1000_177,GAP,Gap
f1000_178,Omnicom Group,Omnicom Group
f1000_179,Genuine Parts,Genuine Parts
f1000_185,DISH Network,DISH Network
f1000_188,INTL FCStone,INTL FCStone
f1000_189,WestRock,WestRock
f1000_190,XPO Logistics,XPO Logistics
f1000_195,FirstEnergy,FirstEnergy
f1000_196,Conagra Brands,Conagra Brands
f1000_197,Synnex,Synnex
f1000_200,Waste Management,Waste Management
f1000_205,Texas Instruments,Texas Instruments
f1000_206,Lincoln National,Lincoln National
f1000_209,Marsh & McLennan,Marsh & McLennan
f1000_212,Loews,Loews
f1000_217,Guardian Life Ins. Co. of America,Guardian Life Ins. Co. of America
f1000_218,Ross Stores,Ross Stores
f1000_220,J.C. Penney,J.C. Penney
f1000_222,Reynolds American,Reynolds American
f1000_226,Principal Financial,Principal Financial
f1000_227,Arconic,Arconic
f1000_234,Edison,Edison International
f1000_236,NGL Energy Partners,NGL Energy Partners
f1000_238,Ameriprise Financial,Ameriprise Financial
f1000_241,First Data,First Data
f1000_244,BB&T,BB&T Corp.
f1000_246,Core-Mark,Core-Mark Holding
f1000_247,Biogen,Biogen
f1000_249,Stanley Black & Decker,Stanley Black & Decker
f1000_250,Parker-Hannifin,Parker-Hannifin
f1000_251,Stryker,Stryker
f1000_254,BlackRock,BlackRock
f1000_264,Applied Materials,Applied Materials
f1000_265,Voya Financial,Voya Financial
f1000_266,Mastercard,Mastercard
f1000_267,Priceline Group,Priceline Group
f1000_270,State Street,State Street Corp.
f1000_273,HollyFrontier,HollyFrontier
f1000_278,United States Steel,United States Steel
f1000_281,W.W. Grainger,W.W. Grainger
f1000_282,Autoliv,Autoliv
f1000_287,Owens & Minor,Owens & Minor
f1000_288,Huntsman,Huntsman
f1000_296,MGM Resorts,MGM Resorts International
f1000_297,Corning,Corning
f1000_300,Fidelity National Information Services,Fidelity National Information Services
f1000_301,Pacific Life,Pacific Life
f1000_303,LKQ,LKQ
f1000_304,BorgWarner,BorgWarner
f1000_307,Public Service Enterprise Group,Public Service Enterprise Group
f1000_308,Eastman Chemical,Eastman Chemical
f1000_309,eBay,eBay
f1000_310,Mohawk Industries,Mohawk Industries
f1000_311,Oneok,Oneok
f1000_312,Frontier Communications,Frontier Communications
f1000_313,Netflix,Netflix
f1000_316,Expedia,Expedia
f1000_317,Lithia Motors,Lithia Motors
f1000_318,Avis Budget Group,Avis Budget Group
f1000_321,Tenneco,Tenneco
f1000_327,Newmont Mining,Newmont Mining
f1000_331,News Corp,News Corp.
f1000_332,Crown,Crown Holdings
f1000_333,Global Partners,Global Partners
f1000_334,PVH,PVH
f1000_336,Navistar,Navistar International
f1000_338,Campbell Soup,Campbell Soup
f1000_343,Anadarko Petroleum,Anadarko Petroleum
f1000_345,J.M. Smucker,J.M. Smucker
f1000_347,Foot Locker,Foot Locker
f1000_351,Zimmer Biomet,Zimmer Biomet Holdings
f1000_353,W.R. Berkley,W.R. Berkley
f1000_360,Assurant,Assurant
f1000_365,Quest Diagnostics,Quest Diagnostics
f1000_367,WEC Energy Group,WEC Energy Group
f1000_368,Hershey,Hershey
f1000_371,Masco,Masco
f1000_373,LifePoint Health,LifePoint Health
f1000_376,Mosaic,Mosaic
f1000_379,Huntington Ingalls Industries,Huntington Ingalls Industries
f1000_387,R.R. Donnelley & Sons,R.R. Donnelley & Sons
f1000_391,Dover,Dover
f1000_396,Sealed Air,Sealed Air
f1000_407,Constellation Brands,Constellation Brands
f1000_409,Asbury Automotive Group,Asbury Automotive Group
f1000_410,American Financial Group,American Financial Group
f1000_411,Discovery Communications,Discovery Communications
f1000_415,Dr Pepper Snapple Group,Dr Pepper Snapple Group
f1000_420,Builders FirstSource,Builders FirstSource
f1000_424,Oshkosh,Oshkosh
f1000_425,iHeartMedia,iHeartMedia
f1000_426,TreeHouse Foods,TreeHouse Foods
f1000_429,Avery Dennison,Avery Dennison
f1000_431,Hanesbrands,Hanesbrands
f1000_438,Old Republic,Old Republic International
f1000_440,AK Steel,AK Steel Holding
f1000_443,Avon Products,Avon Products
f1000_446,Dana,Dana
f1000_451,United Rentals,United Rentals
f1000_452,Clorox,Clorox
f1000_453,Genesis Healthcare,Genesis Healthcare
f1000_454,M&T Bank,M&T Bank Corp.
f1000_456,UGI,UGI
f1000_472,Insight Enterprises,Insight Enterprises
f1000_476,Simon Property Group,Simon Property Group
f1000_477,Western Union,Western Union
f1000_480,Booz Allen Hamilton,Booz Allen Hamilton Holding
f1000_481,Chemours,Chemours
f1000_484,Windstream,Windstream Holdings
f1000_485,Seaboard,Seaboard
f1000_486,Essendant,Essendant
f1000_487,Apache,Apache
f1000_488,Airgas,Airgas
f1000_492,Robert Half,Robert Half International
f1000_495,Michaels,Michaels Cos.
f1000_500,Northern Trust,Northern Trust
f1000_504,Domtar,Domtar
f1000_505,Williams-Sonoma,Williams-Sonoma
f1000_506,Westlake Chemical,Westlake Chemical
f1000_507,Post,Post Holdings
f1000_508,Hasbro,Hasbro
f1000_512,Tutor Perini,Tutor Perini
f1000_517,CommScope,CommScope Holding
f1000_519,Cintas,Cintas
f1000_522,Regeneron Pharmaceuticals,Regeneron Pharmaceuticals
f1000_524,Hess,Hess
f1000_528,RPM,RPM International
f1000_534,Commercial Metals,Commercial Metals
f1000_535,Marathon Oil,Marathon Oil
f1000_536,Polaris Industries,Polaris Industries
f1000_537,Envision Healthcare,Envision Healthcare
f1000_538,Trinity Industries,Trinity Industries
f1000_541,Levi Strauss,Levi Strauss
f1000_544,NiSource,NiSource
f1000_545,Coach,Coach
f1000_549,CIT Group,CIT Group
f1000_552,McCormick,McCormick
f1000_554,Barnes & Noble,Barnes & Noble
f1000_556,FM Global,FM Global
f1000_557,Coty,Coty
f1000_562,Select Medical,Select Medical Holdings
f1000_563,Welltower,Welltower
f1000_565,USG,USG
f1000_566,KBR,KBR
f1000_575,Agilent Technologies,Agilent Technologies
f1000_582,CA,CA
f1000_584,Sprouts Farmers Market,Sprouts Farmers Market
f1000_585,Swift Transportation,Swift Transportation
f1000_586,Bemis,Bemis
f1000_587,Tiffany,Tiffany
f1000_588,Flowserve,Flowserve
f1000_590,Fastenal,Fastenal
f1000_593,Flowers Foods,Flowers Foods
f1000_597,ON Semiconductor,ON Semiconductor
f1000_599,Amkor Technology,Amkor Technology
f1000_600,Triumph Group,Triumph Group
f1000_610,Xylem,Xylem
f1000_613,Dentsply Sirona,Dentsply Sirona
f1000_622,Carlisle,Carlisle
f1000_623,Equinix,Equinix
f1000_624,LSC Communications,LSC Communications
f1000_625,Colfax,Colfax
f1000_626,Lennox,Lennox International
f1000_628,Silgan,Silgan Holdings
f1000_630,Moody's,Moody's
f1000_631,Calumet Specialty Products Partners,Calumet Specialty Products Partners
f1000_634,Vulcan Materials,Vulcan Materials
f1000_636,Vantiv,Vantiv
f1000_639,Hub Group,Hub Group
f1000_640,HSN,HSN
f1000_646,ScanSource,ScanSource
f1000_647,Camping World,Camping World Holdings
f1000_648,Iron Mountain,Iron Mountain
f1000_652,Noble Energy,Noble Energy
f1000_657,Ventas,Ventas
f1000_666,Tailored Brands,Tailored Brands
f1000_667,Sabre,Sabre
f1000_669,Atmos Energy,Atmos Energy
f1000_672,PolyOne,PolyOne
f1000_675,Greif,Greif
f1000_682,CUNA Mutual Group,CUNA Mutual Group
f1000_685,Warner Music Group,Warner Music Group
f1000_687,American National Insurance,American National Insurance
f1000_689,Regal Beloit,Regal Beloit
f1000_690,Varian Medical Systems,Varian Medical Systems
f1000_692,Visteon,Visteon
f1000_695,Regal Entertainment Group,Regal Entertainment Group
f1000_696,Mednax,Mednax
f1000_700,Coca-Cola Bottling,Coca-Cola Bottling
f1000_701,Kar Auction Services,Kar Auction Services
f1000_702,Equifax,Equifax
f1000_712,Brown-Forman,Brown-Forman
f1000_718,EchoStar,EchoStar
f1000_722,Fossil Group,Fossil Group
f1000_723,Univision Communications,Univision Communications
f1000_724,Meritage Homes,Meritage Homes
f1000_725,MRC Global,MRC Global
f1000_726,H&R Block,H&R Block
f1000_728,Service,Service Corp. International
f1000_729,Brink's,Brink's
f1000_732,KLA-Tencor,KLA-Tencor
f1000_733,Edwards Lifesciences,Edwards Lifesciences
f1000_735,Comerica,Comerica
f1000_736,Paychex,Paychex
f1000_739,Scotts Miracle-Gro,Scotts Miracle-Gro
f1000_740,B/E Aerospace,B/E Aerospace
f1000_742,Cooper Tire & Rubber,Cooper Tire & Rubber
f1000_743,Cinemark,Cinemark Holdings
f1000_753,Acadia Healthcare,Acadia Healthcare
f1000_755,Unisys,Unisys
f1000_756,Worthington Industries,Worthington Industries
f1000_761,Medical Mutual of Ohio,Medical Mutual of Ohio
f1000_763,Clean Harbors,Clean Harbors
f1000_766,Crane,Crane
f1000_768,Sinclair Broadcast Group,Sinclair Broadcast Group
f1000_771,DSW,DSW
f1000_772,Intuitive Surgical,Intuitive Surgical
f1000_773,ArcBest,ArcBest
f1000_779,Dycom Industries,Dycom Industries
f1000_780,Timken,Timken
f1000_783,Hill-Rom,Hill-Rom Holdings
f1000_785,Verso,Verso
f1000_787,Ciena,Ciena
f1000_788,Tetra Tech,Tetra Tech
f1000_789,Caleres,Caleres
f1000_790,Pool,Pool
f1000_792,Westar Energy,Westar Energy
f1000_797,HCP,HCP
f1000_800,Prologis,Prologis
f1000_801,Twitter,Twitter
f1000_803,Valmont Industries,Valmont Industries
f1000_807,Granite Construction,Granite Construction
f1000_810,A. Schulman,A. Schulman
f1000_811,Wolverine World Wide,Wolverine World Wide
f1000_812,Graham,Graham Holdings
f1000_815,Zions Bancorporation,Zions Bancorp.
f1000_816,Southwest Gas,Southwest Gas Holdings
f1000_817,Tops,Tops Holding
f1000_818,Hawaiian,Hawaiian Holdings
f1000_824,Equity Residential,Equity Residential
f1000_828,Cabot,Cabot
f1000_829,ITT,ITT
f1000_830,TRI Pointe Group,TRI Pointe Group
f1000_840,Columbia Sportswear,Columbia Sportswear
f1000_844,Edgewell Personal Care,Edgewell Personal Care
f1000_853,Kansas City Southern,Kansas City Southern
f1000_854,Revlon,Revlon
f1000_856,MDC,MDC Holdings
f1000_859,Spirit Airlines,Spirit Airlines
f1000_860,EnerSys,EnerSys
f1000_864,Selective Insurance Group,Selective Insurance Group
f1000_866,Cheesecake Factory,Cheesecake Factory
f1000_868,Carlyle Group,Carlyle Group
f1000_873,Herman Miller,Herman Miller
f1000_881,Donaldson,Donaldson
f1000_889,HNI,HNI
f1000_892,Express,Express
f1000_895,Tribune Media,Tribune Media
f1000_898,Waters,Waters
f1000_899,Teledyne Technologies,Teledyne Technologies
f1000_903,Universal,Universal
f1000_905,IDEX,IDEX
f1000_907,Curtiss-Wright,Curtiss-Wright
f1000_909,NOW,NOW
f1000_912,H.B. Fuller,H.B. Fuller
f1000_913,PharMerica,PharMerica
f1000_923,Renewable Energy Group,Renewable Energy Group
f1000_924,Consol Energy,Consol Energy
f1000_926,Tower,Tower International
f1000_929,E Trade Financial,E*Trade Financial
f1000_931,Esterline Technologies,Esterline Technologies
f1000_947,Cooper,Cooper Cos.
f1000_954,Popular,Popular
f1000_955,Alliance,Alliance Holdings
f1000_957,Rexnord,Rexnord
f1000_958,Cypress Semiconductor,Cypress Semiconductor
f1000_960,Ply Gem,Ply Gem Holdings
f1000_965,Blackhawk Network,Blackhawk Network Holdings
f1000_967,Finish Line,Finish Line
f1000_968,BlueLinx,BlueLinx Holdings
f1000_969,New Jersey Resources,New Jersey Resources
f1000_971,Murphy Oil,Murphy Oil
f1000_973,Par Pacific,Par Pacific Holdings
f1000_979,GoDaddy,GoDaddy
f1000_985,ResMed,ResMed
f1000_988,Central Garden & Pet,Central Garden & Pet
f1000_991,Cadence Design Systems,Cadence Design Systems
f1000_992,Carpenter Technology,Carpenter Technology
f1000_993,Marriott Vacations Worldwide,Marriott Vacations Worldwide
f1000_995,Nordson,Nordson
f1000_997,Kaman,Kaman
f1000_999,Regis,Regis
hedge_0,Bridgewater Associates,Bridgewater Associates
hedge_40,Fortress Investment Group,Fortress Investment Group
hedge_42,Value Partners,Value Partners
hedge_57,Bracebridge Capital,Bracebridge Capital
vault_4,Latham & Watkins,Latham & Watkins LLP
vault_9,Paul Weiss Rifkind Wharton & Garrison,"Paul, Weiss, Rifkind, Wharton & Garrison LLP"
vault_13,Cleary Gottlieb Steen & Hamilton,Cleary Gottlieb Steen & Hamilton LLP
vault_17,Debevoise & Plimpton,Debevoise & Plimpton LLP
vault_18,White & Case,White & Case LLP
vault_19,WilmerHale,WilmerHale
vault_20,Ropes & Gray,Ropes & Gray LLP
vault_23,Morrison & Foerster,Morrison & Foerster LLP
vault_26,Cooley,Cooley LLP
vault_30,Baker McKenzie,Baker McKenzie
vault_32,DLA Piper,DLA Piper
vault_33,K&L Gates,K&L Gates LLP
vault_38,Wilson Sonsini Goodrich & Rosati,Wilson Sonsini Goodrich & Rosati
vault_40,Shearman & Sterling,Shearman & Sterling LLP
vault_42,King & Spalding,King & Spalding LLP
vault_46,Winston & Strawn,Winston & Strawn LLP
vault_48,Fried Frank Harris Shriver & Jacobson,"Fried, Frank, Harris, Shriver & Jacobson LLP"
vault_52,Greenberg Traurig,"Greenberg Traurig, LLP"
vault_56,McDermott Will & Emery,McDermott Will & Emery LLP
vault_68,Crowell & Moring,Crowell & Moring LLP
vault_69,Fish & Richardson,Fish & Richardson P.C.
vault_70,Venable,Venable LLP
vault_75,Sheppard Mullin Richter & Hampton,"Sheppard, Mullin, Richter & Hampton LLP"
vault_78,Fenwick & West,Fenwick & West LLP
vault_79,Arent Fox,Arent Fox LLP
vault_80,Hunton Andrews Kurth,Hunton Andrews Kurth LLP
vault_81,Katten Muchin Rosenman,Katten Muchin Rosenman LLP
vault_83,Seyfarth Shaw,Seyfarth Shaw LLP
vault_84,Pepper Hamilton,Pepper Hamilton LLP
vault_85,Hughes Hubbard & Reed,Hughes Hubbard & Reed LLP
vault_87,Fox Rothschild,Fox Rothschild LLP
vault_90,Drinker Biddle & Reath,Drinker Biddle & Reath LLP
vault_91,Blank Rome,Blank Rome LLP
vault_93,Davis Wright Tremaine,Davis Wright Tremaine LLP
vault_96,Ballard Spahr,Ballard Spahr LLP
vault_111,KPMG,KPMG LLP (Advisory)
vault_118,Analysis Group,"Analysis Group, Inc."
vault_129,Simon-Kucher & Partners,Simon-Kucher & Partners
vault_132,Trinity Partners,"Trinity Partners, LLC"
vault_134,Ignyte Group,Ignyte Group
vault_138,The Chartis Group,The Chartis Group
vault_141,Censeo Consulting Group,Censeo Consulting Group
vault_149,Vivaldi,Vivaldi
vault_150,Cornerstone Research,Cornerstone Research
vault_161,Lazard,Lazard
vault_166,Cowen,"Cowen, Inc."
vault_177,Qatalyst Partners,Qatalyst Partners
vault_181,Macquarie Group,Macquarie Group (U.S.)
vault_184,Oppenheimer & Co,Oppenheimer & Co.
vault_188,Nomura,"Nomura Holdings, Inc."
vault_203,Deloitte,Deloitte
vault_205,Grant Thornton,Grant Thornton LLP
vault_208,Crowe,Crowe LLP
vault_210,Moss Adams,Moss Adams LLP
vault_212,Dixon Hughes Goodman,Dixon Hughes Goodman LLP
vault_216,Brown Smith Wallace,Brown Smith Wallace LLP
vault_221,BPM,BPM
vault_224,Sikich,"Sikich, LLP"
vault_232,BKD,"BKD, LLP"
vault_245,Novogradac & Company,Novogradac & Company LLP
vault_249,Weaver,Weaver LLP
vault_251,Doeren Mayhew,Doeren Mayhew
nasdaq_AVGO,Broadcom,Broadcom Inc.
nasdaq_VMW,Vmware,"Vmware, Inc."
nasdaq_NOK,Nokia,Nokia Corporation
nasdaq_ETN,Eaton,"Eaton Corporation, PLC"
nasdaq_SQ,Square,"Square, Inc."
nasdaq_WIT,Wipro Limited,Wipro Limited
nasdaq_INFO,IHS Markit,IHS Markit Ltd.
nasdaq_CHKP,Check Point Software Technologies,Check Point Software Technologies Ltd.
nasdaq_ANET,Arista Networks,"Arista Networks, Inc."
nasdaq_SSNC,SS&C Technologies,"SS&C Technologies Holdings, Inc."
nasdaq_PTC,PTC,PTC Inc.
nasdaq_TWLO,Twilio,Twilio Inc.
nasdaq_LN,LINE,LINE Corporation
nasdaq_NTNX,Nutanix,"Nutanix, Inc."
nasdaq_ULTI,The Ultimate Software Group,"The Ultimate Software Group, Inc."
nasdaq_PNR,Pentair,Pentair plc.
nasdaq_RNG,Ringcentral,"Ringcentral, Inc."
nasdaq_IPGP,IPG Photonics,IPG Photonics Corporation
nasdaq_NATI,National Instruments,National Instruments Corporation
nasdaq_TTD,The Trade Desk,"The Trade Desk, Inc."
nasdaq_SWI,SolarWinds,SolarWinds Corporation
nasdaq_PVTL,Pivotal Software,"Pivotal Software, Inc."
nasdaq_NICE,NICE,NICE Ltd
nasdaq_GDI,Gardner Denver,"Gardner Denver Holdings, Inc."
nasdaq_FLEX,Flex,Flex Ltd.
nasdaq_PSTG,Pure Storage,"Pure Storage, Inc. "
nasdaq_PEGA,Pegasystems,Pegasystems Inc.
nasdaq_CARG,CarGurus,"CarGurus, Inc."
nasdaq_JCOM,j2 Global,"j2 Global, Inc."
nasdaq_FEYE,FireEye,"FireEye, Inc."
nasdaq_PCTY,Paylocity,Paylocity Holding Corporation
nasdaq_ACIW,ACI Worldwide,"ACI Worldwide, Inc."
nasdaq_PRSP,Perspecta,Perspecta Inc.
nasdaq_CLDR,Cloudera,"Cloudera, Inc."
nasdaq_VRNT,Verint Systems,Verint Systems Inc.
nasdaq_AVLR,Avalara,"Avalara, Inc."
nasdaq_APY,Apergy,Apergy Corporation
nasdaq_BL,BlackLine,"BlackLine, Inc."
nasdaq_SAIL,SailPoint Technologies,"SailPoint Technologies Holdings, Inc."
nasdaq_QTWO,Q2,"Q2 Holdings, Inc."
nasdaq_INOV,Inovalon,"Inovalon Holdings, Inc."
nasdaq_EPAY,Bottomline Technologies,"Bottomline Technologies, Inc."
nasdaq_UPWK,Upwork,Upwork Inc.
nasdaq_WBT,Welbilt,"Welbilt, Inc."
nasdaq_CISN,Cision,Cision Ltd.
nasdaq_SEDG,SolarEdge Technologies,"SolarEdge Technologies, Inc."
nasdaq_PRGS,Progress Software,Progress Software Corporation
nasdaq_TTEC,TTEC,"TTEC Holdings, Inc."
nasdaq_INST,Instructure,"Instructure, Inc."
nasdaq_VRTU,Virtusa,Virtusa Corporation
nasdaq_OSIS,OSI Systems,"OSI Systems, Inc."
nasdaq_SYNA,Synaptics,Synaptics Incorporated
nasdaq_ATU,Actuant,Actuant Corporation
nasdaq_DDD,3D Systems,3D Systems Corporation
nasdaq_SPXC,SPX,SPX Corporation
nasdaq_LPSN,LivePerson,"LivePerson, Inc."
nasdaq_DAVA,Endava,Endava plc
nasdaq_AMBA,Ambarella,"Ambarella, Inc."
nasdaq_PRO,PROS,"PROS Holdings, Inc."
nasdaq_PSDO,Presidio,"Presidio, Inc."
nasdaq_CASA,Casa Systems,"Casa Systems, Inc."
nasdaq_CLS,Celestica,"Celestica, Inc."
nasdaq_NXGN,NextGen Healthcare,"NextGen Healthcare, Inc."
nasdaq_SSYS,Stratasys,"Stratasys, Ltd."
nasdaq_FORM,FormFactor,"FormFactor, Inc."
nasdaq_CSIQ,Canadian Solar,Canadian Solar Inc.
nasdaq_XPER,Xperi,Xperi Corporation
nasdaq_TRUE,TrueCar,"TrueCar, Inc."
nasdaq_CARB,Carbonite,"Carbonite, Inc."
nasdaq_CTS,CTS,CTS Corporation
nasdaq_QADA,QAD,QAD Inc.
nasdaq_SPWR,SunPower,SunPower Corporation
nasdaq_LASR,nLIGHT,"nLIGHT, Inc."
nasdaq_QTNA,Quantenna Communications,"Quantenna Communications, Inc."
nasdaq_CMTL,Comtech Telecommunications,Comtech Telecommunications Corp.
nasdaq_RBBN,Ribbon Communications,Ribbon Communications Inc. 
nasdaq_CAMP,CalAmp,CalAmp Corp.
nasdaq_MODN,Model N,"Model N, Inc."
nasdaq_ERII,Energy Recovery,"Energy Recovery, Inc."
nasdaq_UCTT,Ultra Clean,"Ultra Clean Holdings, Inc."
nasdaq_PHUN,Phunware,"Phunware, Inc."
nasdaq_ZIXI,ZIX,Zix Corporation
nasdaq_AAOI,Applied Optoelectronics,"Applied Optoelectronics, Inc."
nasdaq_DGII,Digi,Digi International Inc.
nasdaq_ECOM ,ChannelAdvisor,ChannelAdvisor Corporation
nasdaq_OOMA,Ooma,"Ooma, Inc."
nasdaq_IMMR,Immersion,Immersion Corporation
nasdaq_MJCO,Majesco,Majesco
nasdaq_DMRC,Digimarc,Digimarc Corporation
nasdaq_EGAN,eGain,eGain Corporation
nasdaq_SPA,Sparton,Sparton Corporation
nasdaq_VUZI,Vuzix,Vuzix Corporation
nasdaq_TLRA,Telaria,"Telaria, Inc."
nasdaq_INAP,Internap,Internap Corporation
nasdaq_EMKR,Emcore,EMCORE Corporation
nasdaq_SMTX,SMTC,SMTC Corporation
nasdaq_RMBL,RumbleOn,"RumbleOn, Inc."
nasdaq_RNWK,RealNetworks,"RealNetworks, Inc."
nasdaq_ASYS,Amtech Systems,"Amtech Systems, Inc."
nasdaq_CTG,Computer Task Group,"Computer Task Group, Incorporated"
nasdaq_QTM,Quantum,Quantum Corporation
nasdaq_WYY,WidePoint,WidePoint Corporation
nasdaq_MRIN,Marin Software,Marin Software Incorporated
nasdaq_QRHC,Quest Resource,Quest Resource Holding Corporation.
nasdaq_IPAS,iPass,iPass Inc.
nasdaq_TSRI,TSR,"TSR, Inc."
glassdoor_0,Heap,Heap
glassdoor_8,Highspot,Highspot
glassdoor_13,New Western,New Western
glassdoor_16,Sundance Vacations,Sundance Vacations
glassdoor_23,Bombas,Bombas
glassdoor_24,Front,Front
glassdoor_27,OppLoans,OppLoans
glassdoor_32,KeepTruckin,KeepTruckin
glassdoor_38,Spreetail,Spreetail
glassdoor_39,Towne Properties,Towne Properties
glassdoor_40,Sage Intacct,Sage Intacct
glassdoor_44,Moogsoft,Moogsoft
glassdoor_45,Berkshire,Berkshire
glassdoor_46,Indigo,Indigo (MA)
glassdoor_48,eXp Realty,eXp Realty
glassdoor_52,In-N-Out Burger,In-N-Out Burger
glassdoor_54,Boston Consulting Group,Boston Consulting Group
glassdoor_58,lululemon,lululemon
glassdoor_63,Slalom,Slalom
glassdoor_70,Ryan,"Ryan, LLC"
glassdoor_71,Sammons Financial Group,Sammons Financial Group
glassdoor_73,Lawrence Livermore National Laboratory,Lawrence Livermore National Laboratory
glassdoor_84,Trilogy Health Services,Trilogy Health Services
glassdoor_88,NIH,NIH
glassdoor_90,Cengage,Cengage
glassdoor_93,Kronos,Kronos Incorporated
glassdoor_94,Nebraska Furniture Mart,Nebraska Furniture Mart
glassdoor_101,Northside Hospital,Northside Hospital
glassdoor_102,VI,Vi
glassdoor_103,ABC Supply Co,ABC Supply Co.
glassdoor_111,Paycom,Paycom
glassdoor_112,John Deere,John Deere
glassdoor_113,NewYork-Presbyterian Hospital,NewYork-Presbyterian Hospital
glassdoor_115,Memorial Sloan Kettering,Memorial Sloan Kettering
glassdoor_117,MD Anderson Cancer Center,MD Anderson Cancer Center
glassdoor_125,Kimpton Hotels & Restaurants,Kimpton Hotels & Restaurants
glassdoor_128,Costco Wholesale,Costco Wholesale
glassdoor_130,Discount Tire,Discount Tire
glassdoor_132,Phoenix Children's Hospital,Phoenix Children's Hospital
glassdoor_133,Massachusetts General Hospital,Massachusetts General Hospital
glassdoor_134,FedEx Freight,FedEx Freight
glassdoor_135,Edward Jones,Edward Jones
glassdoor_140,Gensler,Gensler
glassdoor_145,Raising Cane's,Raising Cane's
forbes_1,Slack,Slack
forbes_6,Qualtrics,Qualtrics
forbes_7,Squarespace,Squarespace
forbes_8,Elastic,Elastic
forbes_21,Yardi,Yardi
forbes_26,Apttus,Apttus
forbes_33,Looker,Looker
forbes_39,PointClickCare,PointClickCare
forbes_40,Sisense,Sisense
forbes_51,DataStax,DataStax
forbes_52,Segment,Segment
forbes_54,SMS Assist,SMS Assist
forbes_57,Welltok,Welltok
forbes_58,Dataminr,Dataminr
forbes_63,FinancialForce,FinancialForce
forbes_70,Health Catalyst,Health Catalyst
forbes_74,American Well,American Well
forbes_81,Evernote,Evernote
forbes_84,Braze,Braze
forbes_85,Algolia,Algolia
forbes_87,Carta,Carta
forbes_96,Endgame,Endgame
cnbc_1,Uber,Uber
cnbc_9,Coinbase,Coinbase
cnbc_12,Payoneer,Payoneer
cnbc_19,Peloton,Peloton
cnbc_36,Thinx,Thinx
cnbc_37,Robinhood,Robinhood
cnbc_48,GitHub,GitHub
bi_0,Credit Karma,Credit Karma
bi_1,Wish,Wish
bi_5,Intarcia Therapeutics,Intarcia Therapeutics
bi_13,Moderna Therapeutics,Moderna Therapeutics
bi_20,Palantir,Palantir
ru_FCCY,1St Constitution Bank,1ST CONSTITUTION BANCORP
ru_SRCE,1St Source,1ST SOURCE CORP
ru_EGHT,8X8 Inc New,8X8 INC NEW
ru_AIR,AAR,AAR CORP
ru_ACCO,Acco Brands,ACCO BRANDS CORP
ru_ARAY,Accuray,ACCURAY INC
ru_ACRS,Aclaris Therapeutics,ACLARIS THERAPEUTICS
ru_ADUS,Addus Homecare,ADDUS HOMECARE CORP
ru_ADNT,Adient,ADIENT PLC
ru_ADT,ADT,ADT INC
ru_ADRO,Aduro Biotech,ADURO BIOTECH INC
ru_ADSW,Advanced Disposal,ADVANCED DISPOSAL SVCS
ru_AEGN,Aegion,AEGION CORP
ru_AGLE,Aeglea Biotherapeutics,AEGLEA BIOTHERAPEUTICS
ru_AERI,Aerie Pharmaceuticals,AERIE PHARMACEUTICALS
ru_AKCA,Akcea Therapeutics,AKCEA THERAPEUTICS
ru_AKRX,Akorn,AKORN INC
ru_ALG,Alamo,ALAMO GROUP INC
ru_AIN,Albany,ALBANY INTERNATIONAL
ru_ALBO,Albireo Pharma,ALBIREO PHARMA INC
ru_ALDR,Alder Biopharmaceuticals,ALDER BIOPHARMACEUTICALS
ru_ALDX,Aldeyra Therapeutics,ALDEYRA THERAPEUTICS INC
ru_ALEX,Alexander & Baldwin,ALEXANDER & BALDWIN INC
ru_ALGN,Align Technology,ALIGN TECHNOLOGY INC
ru_ALGT,Allegiant Travel,ALLEGIANT TRAVEL CO
ru_ALLE,Allegion,ALLEGION PLC
ru_AGN,Allergan,ALLERGAN PLC
ru_AMR,Alta Mesa Resources,ALTA MESA RESOURCES (A)
ru_AIMC,Altra Industrial Motion,ALTRA INDUSTRIAL MOTION
ru_MO,Altria,ALTRIA GROUP INC
ru_AMAG,Amag Pharmaceuticals,AMAG PHARMACEUTICALS INC
ru_DOX,Amdocs,AMDOCS LTD
ru_AIG,American,AMERICAN INTL GROUP
ru_AOBC,American Outdoor Brands,AMERICAN OUTDOOR BRANDS
ru_AMWD,American Woodmark,AMERICAN WOODMARK CORP
ru_FOLD,Amicus Therapeutics,AMICUS THERAPEUTICS INC
ru_AFSI,Amtrust Financial,AMTRUST FINL SVCS
ru_AMRS,Amyris,AMYRIS INC
ru_ATRS,Antares Pharma,ANTARES PHARMA INC
ru_APTV,Aptiv,APTIV PLC
ru_ABR,Arbor Realty Trust,ARBOR REALTY TRUST INC
ru_AROC,Archrock,ARCHROCK INC
ru_ARGO,Argo Group,ARGO GROUP INTL
ru_AFI,Armstrong Flooring,ARMSTRONG FLOORING INC
ru_ARRY,Array Biopharma,ARRAY BIOPHARMA INC
ru_ABG,Asbury Automotive,ASBURY AUTOMOTIVE GROUP
ru_ASNA,Ascena Retail,ASCENA RETAIL GROUP INC
ru_AHL,Aspen Insurance,ASPEN INSURANCE HOLDINGS
ru_ASMB,Assembly Biosciences,ASSEMBLY BIOSCIENCES INC
ru_ATRO,Astronics,ASTRONICS CORP
ru_HOME,At Home,AT HOME GROUP INC
ru_ATRA,Atara Biotherapeutics,ATARA BIOTHERAPEUTICS
ru_ATNX,Athenex,ATHENEX
ru_ATHX,Athersys,ATHERSYS INC
ru_ATKR,Atkore,ATKORE INTL GROUP INC
ru_BOLD,Audentes Therapeutics,AUDENTES THERAPEUTICS
ru_CAR,Avis Budget,AVIS BUDGET GROUP INC
ru_TBBK,Bancorp,BANCORP INC
ru_BOH,Bank of Hawaii,BANK OF HAWAII CORP
ru_BMRC,Bank of Marin Bank,BANK OF MARIN BANCORP
ru_BANR,Banner,BANNER CORP
ru_B,Barnes,BARNES GROUP INC
ru_BAS,Basic Energy Services,BASIC ENERGY SERVICES
ru_BELFB,Bel Fuse,BEL FUSE INC
ru_BLCM,Bellicum Pharmaceuticals,BELLICUM PHARMACEUTICALS
ru_BEL,Belmond,BELMOND LTD
ru_BERY,Berry Global,BERRY GLOBAL GROUP
ru_TECH,Bio-Techne,BIO-TECHNE CORP
ru_BMRN,Biomarin Pharmaceutical,BIOMARIN PHARMACEUTICAL
ru_BKH,Black Hills,BLACK HILLS CORP
ru_BLBD,Blue Bird,BLUE BIRD CORP
ru_BXG,Bluegreen Vacations,BLUEGREEN VACATIONS CORP
ru_BPMC,Blueprint Medicines,BLUEPRINT MEDICINES CORP
ru_BOJA,Bojangles,BOJANGLES INC
ru_BRC,Brady,BRADY CORP
ru_BDN,Brandywine Realty Trust,BRANDYWINE REALTY TRUST
ru_BHF,Brighthouse Financial,BRIGHTHOUSE FINANCIAL
ru_BCO,Brinks,BRINKS CO
ru_BRX,Brixmor Property,BRIXMOR PROPERTY GROUP
ru_BRO,Brown & Brown,BROWN & BROWN INC
ru_BRKR,Bruker,BRUKER CORP
ru_BKE,Buckle,BUCKLE INC
ru_WHD,Cactus,CACTUS INC
ru_CADE,Cadence Bank,CADENCE BANCORP
ru_CSTE,Caesarstone,CAESARSTONE LTD
ru_CRC,California Resources,CALIFORNIA RESOURCES
ru_CALX,Calix,CALIX INC
ru_CLXT,Calyxt,CALYXT
ru_ABCD,Cambium Learning,CAMBIUM LEARNING GRP INC
ru_CBM,Cambrex,CAMBREX CORP
ru_CPT,Camden Property Trust,CAMDEN PROPERTY TRUST
ru_CMD,Cantel Medical,CANTEL MEDICAL CORP
ru_CATM,Cardtronics,CARDTRONICS PLC
ru_CRCM,Care.com,CARE.COM INC
ru_CECO,Career Education,CAREER EDUCATION CORP
ru_CCL,Carnival,CARNIVAL CORP
ru_CARO,Carolina Financial,CAROLINA FINL CORP
ru_CRI,Carter,CARTER INC
ru_CBZ,Cbiz,CBIZ INC
ru_CBRE,Cbre,CBRE GROUP INC
ru_CBMG,Cellular Biomedicine,CELLULAR BIOMEDICINE GRP
ru_CCS,Century Communities,CENTURY COMMUNITIES INC
ru_GTLS,Chart Industries,CHART INDUSTRIES INC
ru_CCF,Chase,CHASE CORP
ru_CPK,Chesapeake Utilities,CHESAPEAKE UTILITIES
ru_CHH,Choice Hotels,CHOICE HOTELS INTL INC
ru_CHDN,Churchill Downs,CHURCHILL DOWNS INC
ru_CMPR,Cimpress,CIMPRESS NV
ru_CIT,CIT,CIT GROUP INC
ru_CIA,Citizens,CITIZENS INC
ru_CZNC,Citizens & Northern,CITIZENS & NORTHERN CORP
ru_CHCO,City,CITY HOLDING CO
ru_CLW,Clearwater Paper,CLEARWATER PAPER CORP
ru_CME,CME,CME GROUP INC
ru_CNO,Cno Financial,CNO FINANCIAL GROUP
ru_CNX,Cnx Resources,CNX RESOURCES CORP
ru_KO,Coca Cola,COCA COLA CO
ru_COKE,Coca Cola Bottling,COCA COLA BOTTLING
ru_CDE,Coeur Mining,COEUR MINING INC
ru_CGNX,Cognex,COGNEX CORP
ru_CWBR,Cohbar,COHBAR INC
ru_CLNY,Colony Capital,COLONY CAPITAL INC
ru_CMCO,Columbus Mckinnon,COLUMBUS MCKINNON CORP
ru_CHCT,Community Healthcare,COMMUNITY HEALTHCARE TR
ru_CMP,Compass Minerals,COMPASS MINERALS INTL
ru_CNDT,Conduent,CONDUENT INC
ru_CNMD,Conmed,CONMED CORP
ru_CNSL,Consolidated Communications,CONSOLIDATED COMM
ru_CTRL,Control4,CONTROL4 CORPORATION
ru_CVON,Convergeone,CONVERGEONE HOLDINGS (A)
ru_COO,Cooper Companies,COOPER COMPANIES INC
ru_CPRT,Copart,COPART INC
ru_CORT,Corcept Therapeutics,CORCEPT THERAPEUTICS INC
ru_OFC,Corporate Office Properties,CORPORATE OFFICE PPTYS
ru_CRVL,Corvel,CORVEL CORP
ru_CRVS,Corvus Pharmaceuticals,CORVUS PHARMACEUTICALS
ru_CSGP,Costar,COSTAR GROUP INC
ru_ICBK,County Bank,COUNTY BANCORP INC
ru_CVA,Covanta,COVANTA HOLDING CORP
ru_CRAI,CRA,CRA INTERNATIONAL INC
ru_CUBE,Cubesmart,CUBESMART
ru_CUB,Cubic,CUBIC CORP
ru_CW,Curtiss Wright,CURTISS WRIGHT CORP
ru_CUBI,Customers Bank,CUSTOMERS BANCORP INC
ru_DERM,Dermira,DERMIRA INC
ru_DDS,Dillards,DILLARDS INC
ru_DISCA,Discovery,DISCOVERY INC SERIES A
ru_DFIN,Donnelley Financial,DONNELLEY FINANCIAL
ru_DOVA,Dova Pharmaceuticals,DOVA PHARMACEUTICALS
ru_DLTH,Duluth,DULUTH HOLDINGS INC
ru_DXPE,Dxp Enterprises,DXP ENTERPRISES INC
ru_EGRX,Eagle Pharmaceuticals,EAGLE PHARMACEUTICALS
ru_EWBC,East West Bank,EAST WEST BANCORP INC
ru_EML,Eastern,EASTERN CO
ru_EV,Eaton Vance,EATON VANCE CORP
ru_EDIT,Editas Medicine,EDITAS MEDICINE INC
ru_EHTH,Ehealth,EHEALTH INC
ru_EE,El Paso Electric,EL PASO ELECTRIC CO
ru_ELVT,Elevate Credit,ELEVATE CREDIT INC
ru_EME,Emcor,EMCOR GROUP INC
ru_ESRT,Empire State Realty,EMPIRE STATE REALTY
ru_EIG,Employers,EMPLOYERS HOLDINGS INC
ru_EHC,Encompass Health,ENCOMPASS HEALTH CORP
ru_ECPG,Encore Capital,ENCORE CAPITAL GROUP INC
ru_ENDP,Endo,ENDO INTERNATIONAL PLC
ru_ELGX,Endologix,ENDOLOGIX INC
ru_EIGI,Endurance,ENDURANCE INTERNATIONAL
ru_ENR,Energizer,ENERGIZER HOLDINGS INC
ru_ENSG,Ensign,ENSIGN GROUP INC
ru_ETM,Entercom Communications,ENTERCOM COMMUNICATIONS
ru_EBTC,Enterprise Bank,ENTERPRISE BANCORP INC
ru_EQT,EQT,EQT CORPORATION
ru_ERA,ERA,ERA GROUP INC
ru_ETSY,Etsy,ETSY INC
ru_EVBN,Evans Bank,EVANS BANCORP INC
ru_RE,Everest Re,EVEREST RE GROUP LTD
ru_EVRI,Everi,EVERI HOLDINGS INC
ru_EXAS,Exact Sciences,EXACT SCIENCES CORP
ru_XELA,Exela Technologies,EXELA TECHNOLOGIES
ru_STAY,Extended Stay America,EXTENDED STAY AMERICA
ru_FSS,Federal Signal,FEDERAL SIGNAL CORP
ru_FII,Federated Investors,FEDERATED INVESTORS INC
ru_FNGN,Financial Engines,FINANCIAL ENGINES INC
ru_BUSE,First Busey,FIRST BUSEY CORP
ru_THFF,First Financial,FIRST FINANCIAL CORP
ru_FFIN,First Financial Bankshares,FIRST FINL BANKSHARES
ru_FHB,First Hawaiian,FIRST HAWAIIAN INC
ru_FMBI,First Midwest Bank,FIRST MIDWEST BANCORP
ru_FUNC,First United,FIRST UNITED CORP
ru_FBC,Flagstar Bank,FLAGSTAR BANCORP INC
ru_FND,Floor & Decor,FLOOR & DECOR HOLDINGS
ru_FLNT,Fluent,FLUENT INC
ru_FRTA,Forterra,FORTERRA INC
ru_FTV,Fortive,FORTIVE CORPORATION
ru_FRO,Frontline,FRONTLINE LTD
ru_FTSI,FTS,FTS INTERNATIONAL INC
ru_FULT,Fulton Financial,FULTON FINANCIAL CORP
ru_GATX,Gatx,GATX CORP
ru_GCP,Gcp Applied Technologies,GCP APPLIED TECHNOLOGIES
ru_GNRC,Generac,GENERAC HOLDINGS INC
ru_G,Genpact,GENPACT LTD
ru_GNTX,Gentex,GENTEX CORP
ru_THRM,Gentherm,GENTHERM INC
ru_GEO,GEO,GEO GROUP INC
ru_GBLI,Global Indemnity,GLOBAL INDEMNITY LTD
ru_GWRS,Global Water Resources,GLOBAL WATER RESOURCES
ru_GMED,Globus Medical,GLOBUS MEDICAL INC
ru_GPX,Gp Strategies,GP STRATEGIES CORP
ru_GGG,Graco,GRACO INC
ru_EAF,Graftech,GRAFTECH INTERNATIONAL
ru_GSBC,Great Southern Bank,GREAT SOUTHERN BANCORP
ru_GDOT,Green Dot,GREEN DOT CORP
ru_HEES,H&E Equipment Services,H&E EQUIPMENT SERVICES
ru_HCKT,Hackett,HACKETT GROUP INC
ru_HLNE,Hamilton Lane,HAMILTON LANE INC
ru_HWC,Hancock Whitney,HANCOCK WHITNEY CORP
ru_THG,Hanover Insurance,HANOVER INSURANCE GROUP
ru_HOG,Harley Davidson,HARLEY DAVIDSON INC
ru_HSC,Harsco,HARSCO CORP
ru_HVT,Haverty Furniture,HAVERTY FURNITURE INC
ru_HWKN,Hawkins,HAWKINS INC
ru_HCA,Hca Healthcare,HCA HEALTHCARE INC
ru_HCI,HCI,HCI GROUP INC
ru_HR,Healthcare Realty Trust,HEALTHCARE REALTY TRUST
ru_HEI.A,Heico,HEICO CORP CL A
ru_HELE,Helen of Troy,HELEN OF TROY LTD
ru_HLF,Herbalife Nutrition,HERBALIFE NUTRITION LTD
ru_HRI,Herc,HERC HOLDING INC
ru_HRTX,Heron Therapeutics,HERON THERAPEUTICS INC
ru_HSY,Hershey Company,HERSHEY COMPANY
ru_HF,HFF,HFF INC
ru_HIBB,Hibbett Sports,HIBBETT SPORTS INC
ru_HI,Hillenbrand,HILLENBRAND INC
ru_HGV,Hilton Grand Vacations,HILTON GRAND VACATIONS
ru_HMSY,HMS,HMS HOLDINGS CORP
ru_FIXX,Homology Medicines,HOMOLOGY MEDICINES
ru_HZNP,Horizon Pharma,HORIZON PHARMA PLC
ru_TWNK,Hostess Brands,HOSTESS BRANDS INC
ru_HHC,Howard Hughes,HOWARD HUGHES CORP
ru_HUD,Hudson,HUDSON LTD
ru_HURN,Huron Consulting,HURON CONSULTING GROUP
ru_ICUI,Icu Medical,ICU MEDICAL INC
ru_IESC,IES,IES HOLDINGS INC
ru_IMAX,Imax,IMAX CORP
ru_IMH,Impac Mortgage,IMPAC MTG HLDGS INC
ru_INCY,Incyte,INCYTE CORP
ru_IHC,Independence,INDEPENDENCE HOLDING CO
ru_IBCP,Independent Bank,INDEPENDENT BANK CORP
ru_INFN,Infinera,INFINERA CORP
ru_III,Information Services,INFORMATION SERVICES GRP
ru_IR,Ingersoll-Rand,INGERSOLL-RAND PLC
ru_NGVT,Ingevity,INGEVITY CORPORATION
ru_INWK,Innerworkings,INNERWORKINGS INC
ru_INO,Inovio Pharmaceuticals,INOVIO PHARMACEUTICALS
ru_INSM,Insmed,INSMED INC
ru_PODD,Insulet,INSULET CORP
ru_INSY,Insys Therapeutics,INSYS THERAPEUTICS INC
ru_ITGR,Integer,INTEGER HOLDINGS CORP
ru_IART,Integra Lifesciences,INTEGRA LIFESCIENCES
ru_IBKR,Interactive Brokers,INTERACTIVE BROKERS GRP
ru_IIN,Intricon,INTRICON CORP
ru_IVC,Invacare,INVACARE CORP
ru_ITG,Investment Technology,INVESTMENT TECHNOLOGY
ru_NVTA,Invitae,INVITAE CORPORATION
ru_INVH,Invitation Homes,INVITATION HOMES INC
ru_IOVA,Iovance Biotherapeutics,IOVANCE BIOTHERAPEUTICS
ru_IQV,Iqvia,IQVIA HOLDINGS INC
ru_IRBT,Irobot,IROBOT CORP
ru_JACK,Jack In The Box,JACK IN THE BOX INC
ru_JELD,Jeld-Wen,JELD-WEN HOLDING INC
ru_LRN,K12,K12 INC
ru_KALU,Kaiser Aluminum,KAISER ALUMINUM CORP
ru_FRAC,Keane,KEANE GROUP INC
ru_KEM,Kemet,KEMET CORP
ru_KEYW,Keyw,KEYW HOLDING CORP
ru_KRC,Kilroy Realty,KILROY REALTY CORP
ru_KIM,Kimco Realty,KIMCO REALTY CORP
ru_KN,Knowles,KNOWLES CORPORATION
ru_KRA,Kraton,KRATON CORPORATION
ru_LW,Lamb Weston,LAMB WESTON HOLDINGS
ru_LCI,Lannett,LANNETT CO INC
ru_LNTH,Lantheus,LANTHEUS HOLDINGS INC
ru_LFGR,Leaf,LEAF GROUP LTD
ru_LMAT,Lemaitre Vascular,LEMAITRE VASCULAR INC
ru_LC,Lendingclub,LENDINGCLUB CORPORATION
ru_LHCG,LHC,LHC GROUP INC
ru_LCUT,Lifetime Brands,LIFETIME BRANDS INC
ru_LNN,Lindsay,LINDSAY CORP
ru_LFUS,Littelfuse,LITTELFUSE INC
ru_LOW,Lowes,LOWES COS INC
ru_LULU,Lululemon Athletica,LULULEMON ATHLETICA INC
ru_LL,Lumber Liquidators,LUMBER LIQUIDATORS HLDGS
ru_LMNX,Luminex,LUMINEX CORP
ru_MHO,M/I Homes,M/I HOMES INC
ru_M,Macys,MACYS INC
ru_MSG,Madison Square Garden,MADISON SQUARE GARDEN CO
ru_MTW,Manitowoc,MANITOWOC CO INC
ru_MNKD,Mannkind,MANNKIND CORP
ru_MCS,Marcus,MARCUS CORP
ru_HZO,Marinemax,MARINEMAX INC
ru_MBII,Marrone Bio Innovations,MARRONE BIO INNOVATIONS
ru_DOOR,Masonite,MASONITE INTL CORP
ru_MTCH,Match,MATCH GROUP INC
ru_MTRN,Materion,MATERION CORPORATION
ru_MATW,Matthews,MATTHEWS INTERNATIONAL
ru_MDCO,Medicines,MEDICINES CO
ru_MED,Medifast,MEDIFAST INC
ru_MEDP,Medpace,MEDPACE HOLDINGS INC
ru_MDT,Medtronic,MEDTRONIC PLC
ru_MBIN,Merchants Bank,MERCHANTS BANCORP
ru_MRCY,Mercury Systems,MERCURY SYSTEMS INC
ru_MDP,Meredith,MEREDITH CORP
ru_MSBI,Midland States Bank,MIDLAND STATES BANCORP
ru_MSL,Midsouth Bank,MIDSOUTH BANCORP INC
ru_MLR,Miller Industries,MILLER INDUSTRIES INC
ru_MDXG,Mimedx,MIMEDX GROUP INC
ru_MRTX,Mirati Therapeutics,MIRATI THERAPEUTICS INC
ru_MOD,Modine Manufacturing,MODINE MANUFACTURING CO
ru_MTEM,Molecular Templates,MOLECULAR TEMPLATES
ru_MGI,Moneygram,MONEYGRAM INTERNATIONAL
ru_MOS,Mosaic Company,MOSAIC COMPANY
ru_MSA,Msa Safety,MSA SAFETY INC
ru_MTSC,Mts Systems,MTS SYSTEMS CORP
ru_MBIO,Mustang Bio,MUSTANG BIO
ru_MYL,Mylan,MYLAN NV
ru_MYRG,MYR,MYR GROUP INC
ru_NANO,Nanometrics,NANOMETRICS INC
ru_NK,Nantkwest,NANTKWEST INC
ru_FIZZ,National Beverage,NATIONAL BEVERAGE CORP
ru_NWLI,National Western Life,NATIONAL WESTERN LIFE
ru_NLS,Nautilus,NAUTILUS INC
ru_NAVG,Navigators,NAVIGATORS GROUP INC
ru_NNI,Nelnet,NELNET INC
ru_NEOG,Neogen,NEOGEN CORP
ru_NEO,Neogenomics,NEOGENOMICS INC
ru_NBIX,Neurocrine Biosciences,NEUROCRINE BIOSCIENCES
ru_NVRO,Nevro,NEVRO CORP
ru_NWY,New York & Company,NEW YORK & CO INC
ru_NMRK,Newmark,NEWMARK GROUP INC
ru_NODK,NI,NI HOLDINGS INC
ru_NMIH,NMI,NMI HLDGS INC
ru_NE,Noble,NOBLE CORPORATION PLC
ru_NFBK,Northfield Bank,NORTHFIELD BANCORP INC
ru_NWPX,Northwest Pipe,NORTHWEST PIPE CO
ru_NWE,Northwestern,NORTHWESTERN CORP
ru_NCLH,Norwegian Cruise Line,NORWEGIAN CRUISE LINE
ru_NVCR,Novocure,NOVOCURE LTD
ru_NUVA,Nuvasive,NUVASIVE INC
ru_NXPI,Nxp Semiconductors,NXP SEMICONDUCTORS NV
ru_OCN,Ocwen Financial,OCWEN FINANCIAL CORP
ru_OIS,Oil States,OIL STATES INTERNATIONAL
ru_OMC,Omnicom,OMNICOM GROUP INC
ru_OPY,Oppenheimer,OPPENHEIMER HOLDINGS INC
ru_OPTN,Optinose,OPTINOSE INC
ru_ORBC,Orbcomm,ORBCOMM INC
ru_ORN,Orion,ORION GROUP HOLDINGS
ru_OTTR,Otter Tail,OTTER TAIL CORP
ru_OUT,Outfront Media,OUTFRONT MEDIA INC
ru_PKG,Packaging Corporation of America,PACKAGING CORP OF AMER
ru_PGRE,Paramount,PARAMOUNT GROUP INC
ru_PEGI,Pattern Energy,PATTERN ENERGY GROUP INC
ru_PEBO,Peoples Bank,PEOPLES BANCORP INC
ru_PFGC,Performance Food,PERFORMANCE FOOD GROUP
ru_PRGO,Perrigo,PERRIGO CO PLC
ru_PFSW,Pfsweb,PFSWEB INC
ru_PLNT,Planet Fitness,PLANET FITNESS INC
ru_PNC,Pnc Financial,PNC FINANCIAL SVCS GROUP
ru_COOL,Polarityte,POLARITYTE INC
ru_PBPB,Potbelly,POTBELLY CORPORATION
ru_PCH,Potlatchdeltic,POTLATCHDELTIC CORP
ru_PQG,PQ,PQ GROUP HOLDINGS INC
ru_PRAA,PRA,PRA GROUP INC
ru_PINC,Premier,PREMIER INC
ru_PRGX,Prgx Global,PRGX GLOBAL INC
ru_PRIM,Primoris,PRIMORIS SVCS CORP
ru_KWR,Quaker Chemical,QUAKER CHEMICAL CORP
ru_QSII,Quality Systems,QUALITY SYSTEMS INC
ru_QTRX,Quanterix,QUANTERIX CORPORATION
ru_QDEL,Quidel,QUIDEL CORP
ru_QES,Quintana Energy Services,QUINTANA ENERGY SERVICES
ru_QHC,Quorum Health,QUORUM HEALTH CORP
ru_RARX,Ra Pharmaceuticals,RA PHARMACEUTICALS INC
ru_RDN,Radian,RADIAN GROUP INC
ru_RDNT,Radnet,RADNET INC
ru_RRC,Range Resources,RANGE RESOURCES CORP
ru_RMAX,Re/Max,RE/MAX HOLDINGS INC
ru_RDI,Reading,READING INTERNATIONAL
ru_O,Realty Income,REALTY INCOME CORP
ru_RLH,Red Lion Hotels,RED LION HOTELS CORP
ru_RDFN,Redfin,REDFIN CORP
ru_REG,Regency Centers,REGENCY CENTERS CORP
ru_RBNC,Reliant Bank,RELIANT BANCORP INC
ru_RGEN,Repligen,REPLIGEN CORP
ru_REVG,REV,REV GROUP INC
ru_RLI,RLI,RLI CORP
ru_RMR,RMR,RMR GROUP INC
ru_RCKT,Rocket Pharmaceuticals,ROCKET PHARMACEUTICALS
ru_RMTI,Rockwell Medical,ROCKWELL MEDICAL INC
ru_ROG,Rogers,ROGERS CORP
ru_ROL,Rollins,ROLLINS INC
ru_ROSE,Rosehill Resources,ROSEHILL RESOURCES INC
ru_RCL,Royal Caribbean Cruises,ROYAL CARIBBEAN CRUISES
ru_RTEC,Rudolph Technologies,RUDOLPH TECHNOLOGIES INC
ru_RHP,Ryman Hospitality Properties,RYMAN HOSPITALITY PPTYS
ru_SAFT,Safety Insurance,SAFETY INSURANCE GRP INC
ru_SRPT,Sarepta Therapeutics,SAREPTA THERAPEUTICS INC
ru_SBAC,Sba Communications,SBA COMMUNICATIONS CORP
ru_SLB,Schlumberger,SCHLUMBERGER LTD
ru_SNDR,Schneider National,SCHNEIDER NATIONAL INC
ru_WTTR,Select Energy Services,SELECT ENERGY SERVICES
ru_SELB,Selecta Biosciences,SELECTA BIOSCIENCES INC
ru_SIGI,Selective Insurance,SELECTIVE INSURANCE GRP
ru_ST,Sensata Technologies,SENSATA TECHNOLOGIES
ru_SXT,Sensient Technologies,SENSIENT TECHNOLOGIES
ru_SREV,Servicesource,SERVICESOURCE INTL
ru_SBNY,Signature Bank,SIGNATURE BANK
ru_SIG,Signet Jewelers,SIGNET JEWELERS LTD
ru_SBOW,Silverbow Resources,SILVERBOW RESOURCES
ru_SPG,Simon Property,SIMON PROPERTY GROUP INC
ru_SBGI,Sinclair Broadcast,SINCLAIR BROADCAST GROUP
ru_SITE,Siteone Landscape Supply,SITEONE LANDSCAPE SUPPLY
ru_SNBR,Sleep Number,SLEEP NUMBER CORPORATION
ru_SM,Sm Energy,SM ENERGY CO
ru_SND,Smart Sand,SMART SAND INC
ru_SONC,Sonic,SONIC CORP
ru_SRNE,Sorrento Therapeutics,SORRENTO THERAPEUTICS
ru_SSB,South State,SOUTH STATE CORPORATION
ru_SP,Sp Plus,SP PLUS CORPORATION
ru_SPKE,Spark Energy,SPARK ENERGY INC
ru_SPB,Spectrum Brands,SPECTRUM BRANDS HOLDINGS
ru_SPPI,Spectrum Pharmaceuticals,SPECTRUM PHARMACEUTICALS
ru_SPRO,Spero Therapeutics,SPERO THERAPEUTICS INC
ru_SPOK,Spok,SPOK HOLDINGS INC
ru_S,Sprint,SPRINT CORP
ru_SCL,Stepan,STEPAN CO
ru_STE,Steris,STERIS PLC
ru_STL,Sterling Bank,STERLING BANCORP
ru_STRL,Sterling Construction,STERLING CONSTRUCTION CO
ru_SYBT,Stock Yards Bank,STOCK YARDS BANCORP INC
ru_RGR,Sturm Ruger & Company,STURM RUGER & CO INC
ru_SMMF,Summit Financial,SUMMIT FINANCIAL GROUP
ru_INN,Summit Hotel Properties,SUMMIT HOTEL PPTYS
ru_SUI,Sun Communities,SUN COMMUNITIES INC
ru_SURF,Surface Oncology,SURFACE ONCOLOGY
ru_TTOO,T2 Biosystems,T2 BIOSYSTEMS INC
ru_TRHC,Tabula Rasa Healthcare,TABULA RASA HEALTHCARE
ru_TNDM,Tandem Diabetes Care,TANDEM DIABETES CARE INC
ru_TISI,Team,TEAM INC
ru_TTGT,Techtarget,TECHTARGET INC
ru_TNAV,Telenav,TELENAV INC
ru_TLGT,Teligent,TELIGENT INC
ru_TNC,Tennant,TENNANT CO
ru_TCS,The Container Store,THE CONTAINER STORE GRP
ru_MEET,The Meet,THE MEET GROUP
ru_TBPH,Theravance Biopharma,THERAVANCE BIOPHARMA INC
ru_TMST,Timkensteel,TIMKENSTEEL CORPORATION
ru_TIVO,Tivo,TIVO CORPORATION
ru_TMP,Tompkins Financial,TOMPKINS FINANCIAL CORP
ru_BLD,Topbuild,TOPBUILD CORP
ru_RIG,Transocean,TRANSOCEAN LTD
ru_TNET,Trinet,TRINET GROUP INC
ru_TRTN,Triton,TRITON INTERNATIONAL LTD
ru_TGI,Triumph,TRIUMPH GROUP INC
ru_TRUP,Trupanion,TRUPANION INC
ru_TRMK,Trustmark,TRUSTMARK CORP
ru_HEAR,Turtle Beach,TURTLE BEACH CORP
ru_UDR,UDR,UDR INC
ru_UPL,Ultra Petroleum,ULTRA PETROLEUM CORP
ru_UMBF,Umb Financial,UMB FINANCIAL CORP
ru_UNT,Unit,UNIT CORP
ru_UFCS,United Fire,UNITED FIRE GROUP INC
ru_UTHR,United Therapeutics,UNITED THERAPEUTICS
ru_UNH,Unitedhealth,UNITEDHEALTH GROUP INC
ru_UNM,Unum,UNUM GROUP
ru_UMRX,Unum Therapeutics,UNUM THERAPEUTICS
ru_ECOL,Us Ecology,US ECOLOGY INC
ru_USAK,Usa Truck,USA TRUCK INC
ru_USNA,Usana Health Sciences,USANA HEALTH SCIENCES
ru_MTN,Vail Resorts,VAIL RESORTS INC
ru_VREX,Varex Imaging,VAREX IMAGING
ru_VGR,Vector,VECTOR GROUP LTD
ru_VEC,Vectrus,VECTRUS INC
ru_VBTX,Veritex,VERITEX HOLDINGS
ru_VSM,Versum Materials,VERSUM MATERIALS
ru_VRTX,Vertex Pharmaceuticals,VERTEX PHARMACEUTICALS
ru_VICI,Vici Properties,VICI PROPERTIES INC
ru_VRAY,Viewray,VIEWRAY INC
ru_VCRA,Vocera Communications,VOCERA COMMUNICATIONS
ru_VG,Vonage,VONAGE HLDGS CORP
ru_VSEC,VSE,VSE CORP
ru_WAB,Wabtec,WABTEC CORP
ru_WDR,Waddell & Reed Financial,WADDELL & REED FINANCIAL
ru_WAGE,Wageworks,WAGEWORKS INC
ru_WVE,Wave Life Sciences,WAVE LIFE SCIENCES LTD
ru_WEB,Web.com,WEB.COM GROUP INC
ru_WEC,Wec Energy,WEC ENERGY GROUP INC
ru_WTW,Weight Watchers,WEIGHT WATCHERS INTL INC
ru_WCG,Wellcare,WELLCARE GROUP INC
ru_WSBC,Wesbanco,WESBANCO INC
ru_WAIR,Wesco Aircraft,WESCO AIRCRAFT HLDGS INC
ru_WST,West Pharmaceutical,WEST PHARMACEUTICAL SVCS
ru_WABC,Westamerica Bank,WESTAMERICA BANCORP
ru_WNEB,Western New England,WESTERN NEW ENGLAND
ru_WLDN,Willdan,WILLDAN GROUP INC
ru_WMB,Williams Companies,WILLIAMS COMPANIES INC
ru_WING,Wingstop,WINGSTOP INC
ru_WGO,Winnebago Industries,WINNEBAGO INDUSTRIES INC
ru_WRLD,World Acceptance,WORLD ACCEPTANCE CORP
ru_WYND,Wyndham Destinations,WYNDHAM DESTINATIONS INC
ru_WH,Wyndham Hotels & Resorts,WYNDHAM HOTELS & RESORTS
ru_XL,XL,XL GROUP LTD
ru_ZAYO,Zayo,ZAYO GROUP HOLDINGS INC
ru_ZG,Zillow,ZILLOW GROUP INC CLASS A
ru_ZOM,Zomedica Pharmaceuticals,ZOMEDICA PHARMACEUTICALS
