region,sid,ug_sid,ug_school,ug_school_short,ug_ctyst,treatment,profile,prestigewestcoast,s17,ba01,Stanford University,Stanford,"Stanford, CA",president of the Stanford Democrats,P01DH,Hwestcoast,s17,ba01,Stanford University,Stanford,"Stanford, CA",president of the Stanford College Republicans,P05RH,Hwestcoast,s17,ba01,Stanford University,Stanford,"Stanford, CA",president of the Stanford Associated Students,P03NH,Hwestcoast,s20,ba02,"University of California, Berkeley",Berkeley,"Berkeley, CA",president of the Berkeley College Republicans,P05RH,Hwestcoast,s20,ba02,"University of California, Berkeley",Berkeley,"Berkeley, CA",president of the Cal Berkeley Democrats,P01DH,Hwestcoast,s20,ba02,"University of California, Berkeley",Berkeley,"Berkeley, CA",president of the Cal Associated Students,P03NH,Hwestcoast,s33,ba03,"University of California, Los Angeles",UCLA,"Los Angeles, CA",president of the UCLA Bruin Republicans,P05RH,Hwestcoast,s33,ba03,"University of California, Los Angeles",UCLA,"Los Angeles, CA",president of the UCLA Bruin Democrats,P01DH,Hwestcoast,s33,ba03,"University of California, Los Angeles",UCLA,"Los Angeles, CA",president of the UCLA Associated Students,P03NH,Hwestcoast,s03,ba04,"California State University, Fullerton",CSUF,"Fullerton, CA","president of the California State University, Fullerton College Democrats",P02DL,Lwestcoast,s03,ba04,"California State University, Fullerton",CSUF,"Fullerton, CA","president of the California State University, Fullerton Republicans",P06RL,Lwestcoast,s03,ba04,"California State University, Fullerton",CSUF,"Fullerton, CA","president of the California State University, Fullerton Associated Students",P04NL,Lwestcoast,s02,ba05,"California State University, Fresno",Fresno State,"Fresno, CA",president of the Fresno State College Democrats,P02DL,Lwestcoast,s02,ba05,"California State University, Fresno",Fresno State,"Fresno, CA",president of the Fresno State College Republicans,P06RL,Lwestcoast,s02,ba05,"California State University, Fresno",Fresno State,"Fresno, CA",president of the Fresno State Associated Students,P04NL,Lwestcoast,s14,ba06,Portland State University,Portland State,"Portland, OR",president of the Portland State College Republicans,P06RL,Lwestcoast,s14,ba06,Portland State University,Portland State,"Portland, OR",president of the Portland State College Democrats,P02DL,Lwestcoast,s14,ba06,Portland State University,Portland State,"Portland, OR",president of the Associated Students of Portland State University,P04NL,Lsouth,s31,ba07,Duke University,Duke,"Durham, North Carolina",president of the Duke College Republicans,P05RH,Hsouth,s31,ba07,Duke University,Duke,"Durham, North Carolina",president of the Duke Democrats,P01DH,Hsouth,s31,ba07,Duke University,Duke,"Durham, North Carolina",president of the Duke Student Government,P03NH,Hsouth,s16,ba08,Rice University,Rice,"Houston, TX",president of the Rice University College Republicans,P05RH,Hsouth,s16,ba08,Rice University,Rice,"Houston, TX",president of the Rice University Young Democrats,P01DH,Hsouth,s16,ba08,Rice University,Rice,"Houston, TX",president of the Rice University Student Association,P03NH,Hsouth,s29,ba09,Vanderbilt University,Vanderbilt,"Nashville, TN",president of the Vanderbilt College Republicans,P05RH,Hsouth,s29,ba09,Vanderbilt University,Vanderbilt,"Nashville, TN",president of the Vanderbilt College Democrats,P01DH,Hsouth,s29,ba09,Vanderbilt University,Vanderbilt,"Nashville, TN",president of the Vanderbilt Student Government,P03NH,Hsouth,s39,ba10,"University of North Carolina, Greensboro",UNC Greensboro,"Greensboro, NC",president of the UNC Greensboro College Republicans,P06RL,Lsouth,s39,ba10,"University of North Carolina, Greensboro",UNC Greensboro,"Greensboro, NC",president of the UNC Greensboro College Democrats,P02DL,Lsouth,s39,ba10,"University of North Carolina, Greensboro",UNC Greensboro,"Greensboro, NC",president of the UNC Greensboro Student Government Association,P04NL,Lsouth,s18,ba11,Texas Tech University,Texas Tech,"Lubbock, TX",president of the Texas Tech College Republicans,P06RL,Lsouth,s18,ba11,Texas Tech University,Texas Tech,"Lubbock, TX",president of the Texas Tech College Democrats,P02DL,Lsouth,s18,ba11,Texas Tech University,Texas Tech,"Lubbock, TX",president of the Texas Tech Student Government Association,P04NL,Lsouth,s12,ba12,Middle Tennessee State University,MTSU,"Murfreesboro, TN",president of the Middle Tennessee State University College Democrats,P02DL,Lsouth,s12,ba12,Middle Tennessee State University,MTSU,"Murfreesboro, TN",president of the Middle Tennessee State University College Republicans,P06RL,Lsouth,s12,ba12,Middle Tennessee State University,MTSU,"Murfreesboro, TN",president of the Middle Tennessee State University Student Government Association,P04NL,Lnortheast,s09,ba13,Harvard University,Harvard,"Cambridge, MA",president of the Harvard Republican Club,P05RH,Hnortheast,s09,ba13,Harvard University,Harvard,"Cambridge, MA",president of the Harvard College Democrats,P01DH,Hnortheast,s09,ba13,Harvard University,Harvard,"Cambridge, MA",president of the Harvard Undergraduate Council,P03NH,Hnortheast,s11,ba14,Massachusetts Institute of Technology,MIT,"Cambridge, MA",president of the MIT Democrats,P01DH,Hnortheast,s11,ba14,Massachusetts Institute of Technology,MIT,"Cambridge, MA",president of the MIT College Republican Club,P05RH,Hnortheast,s11,ba14,Massachusetts Institute of Technology,MIT,"Cambridge, MA",president of the MIT Undergraduate Association,P03NH,Hnortheast,s15,ba15,Princeton University,Princeton,"Princeton, NJ",president of the Princeton College Democrats,P01DH,Hnortheast,s15,ba15,Princeton University,Princeton,"Princeton, NJ",president of the Princeton College Republicans,P05RH,Hnortheast,s15,ba15,Princeton University,Princeton,"Princeton, NJ",president of the Princeton Undergraduate Student Government,P03NH,Hnortheast,s35,ba16,Columbia University,Columbia,"New York, NY",president of the Columbia University College Republicans,P05RH,Hnortheast,s35,ba16,Columbia University,Columbia,"New York, NY",president of the Columbia University College Democrats,P01DH,Hnortheast,s35,ba16,Columbia University,Columbia,"New York, NY",president of the Columbia College Student Council,P03NH,Hnortheast,s36,ba17,Yale University,Yale,"New Haven, CT",president of the Yale College Republicans,P05RH,Hnortheast,s36,ba17,Yale University,Yale,"New Haven, CT",president of the Yale College Democrats,P01DH,Hnortheast,s36,ba17,Yale University,Yale,"New Haven, CT",president of the Yale College Council,P03NH,Hnortheast,s25,ba18,"University of Massachusetts, Boston",UMass Boston,"Boston, MA",president of the University of Massachusetts Boston College Republicans,P06RL,Lnortheast,s25,ba18,"University of Massachusetts, Boston",UMass Boston,"Boston, MA",president of the University of Massachusetts Boston College Democrats,P02DL,Lnortheast,s25,ba18,"University of Massachusetts, Boston",UMass Boston,"Boston, MA",president of the University of Massachusetts Boston Undergraduate Student Government,P04NL,Lnortheast,s23,ba19,University of Maine,UMaine,"Orono, ME",president of the University of Maine College Democrats,P02DL,Lnortheast,s23,ba19,University of Maine,UMaine,"Orono, ME",president of the University of Maine College Republicans,P06RL,Lnortheast,s23,ba19,University of Maine,UMaine,"Orono, ME",president of the University of Maine Student Government,P04NL,Lnortheast,s40,ba20,University of Rhode Island,URI,"Kingston, RI",president of the University of Rhode Island College Republicans,P06RL,Lnortheast,s40,ba20,University of Rhode Island,URI,"Kingston, RI",president of the University of Rhode Island College Democrats,P02DL,Lnortheast,s40,ba20,University of Rhode Island,URI,"Kingston, RI",president of the University of Rhode Island Student Senate,P04NL,Lmidwest,s13,ba21,Northwestern University,Northwestern,"Evanston, IL",president of the Northwestern College Democrats,P01DH,Hmidwest,s13,ba21,Northwestern University,Northwestern,"Evanston, IL",president of the Northwestern College Republicans,P05RH,Hmidwest,s13,ba21,Northwestern University,Northwestern,"Evanston, IL",president of the Northwestern Associated Student Government,P03NH,Hmidwest,s21,ba22,University of Chicago,Chicago,"Chicago, IL",president of the University of Chicago Democrats,P01DH,Hmidwest,s21,ba22,University of Chicago,Chicago,"Chicago, IL",president of the University of Chicago College Republicans,P05RH,Hmidwest,s21,ba22,University of Chicago,Chicago,"Chicago, IL",president of the University of Chicago Student Government,P03NH,Hmidwest,s32,ba23,University of Notre Dame,Notre Dame,"Notre Dame, IN",president of the Notre Dame College Republicans,P05RH,Hmidwest,s32,ba23,University of Notre Dame,Notre Dame,"Notre Dame, IN",president of the Notre Dame College Democrats,P01DH,Hmidwest,s32,ba23,University of Notre Dame,Notre Dame,"Notre Dame, IN",president of the Notre Dame Student Government,P03NH,Hmidwest,s05,ba24,Central Michigan University,CMU,"Mount Pleasant, MI",president of the Central Michigan University College Democrats,P02DL,Lmidwest,s05,ba24,Central Michigan University,CMU,"Mount Pleasant, MI",president of the Central Michigan University Student Government Association,P04NL,Lmidwest,s05,ba24,Central Michigan University,CMU,"Mount Pleasant, MI",president of the Central Michigan University College Republicans,P06RL,Lmidwest,s01,ba25,Bowling Green State University,BGSU,"Bowling Green, OH",president of the Bowling Green State University College Democrats,P02DL,Lmidwest,s01,ba25,Bowling Green State University,BGSU,"Bowling Green, OH",president of the Bowling Green State University Undergraduate Student Government,P04NL,Lmidwest,s01,ba25,Bowling Green State University,BGSU,"Bowling Green, OH",president of the Bowling Green State University College Republicans,P06RL,Lmidwest,s41,ba26,Ball State University,Ball State,"Muncie, IN",president of the Ball State College Republicans,P06RL,Lmidwest,s41,ba26,Ball State University,Ball State,"Muncie, IN",president of the Ball State College Democrats,P02DL,Lmidwest,s41,ba26,Ball State University,Ball State,"Muncie, IN",president of the Ball State Student Government Association,P04NL,Lmidatlantic,s37,ba27,Georgetown University,Georgetown,"Washington, DC",president of the Georgetown University College Republicans,P05RH,Hmidatlantic,s37,ba27,Georgetown University,Georgetown,"Washington, DC",president of the Georgetown University College Democrats,P01DH,Hmidatlantic,s37,ba27,Georgetown University,Georgetown,"Washington, DC",president of the Georgetown University Student Association,P03NH,Hmidatlantic,s38,ba28,University of Virginia,UVA,"Charlottesville, VA",president of the UVA College Republicans,P05RH,Hmidatlantic,s38,ba28,University of Virginia,UVA,"Charlottesville, VA",president of the University Democrats at UVA,P01DH,Hmidatlantic,s38,ba28,University of Virginia,UVA,"Charlottesville, VA",president of the UVA Student Council,P03NH,Hmidatlantic,s34,ba29,Johns Hopkins University,Johns Hopkins,"Baltimore, MD",president of the Johns Hopkins College Republicans,P05RH,Hmidatlantic,s34,ba29,Johns Hopkins University,Johns Hopkins,"Baltimore, MD",president of the Johns Hopkins College Democrats,P01DH,Hmidatlantic,s34,ba29,Johns Hopkins University,Johns Hopkins,"Baltimore, MD",president of the Johns Hopkins Student Government Association,P03NH,Hmidatlantic,s42,ba30,Virginia Commonwealth University,VCU,"Richmond, VA",president of the VCU College Republicans,P06RL,Lmidatlantic,s42,ba30,Virginia Commonwealth University,VCU,"Richmond, VA",president of the VCU Young Democrats,P02DL,Lmidatlantic,s42,ba30,Virginia Commonwealth University,VCU,"Richmond, VA",president of the VCU Student Government Association,P04NL,Lmidatlantic,s43,ba31,"University of Maryland, Baltimore County",UMBC,"Baltimore, MD",president of the UMBC College Republicans,P06RL,Lmidatlantic,s43,ba31,"University of Maryland, Baltimore County",UMBC,"Baltimore, MD",president of the UMBC College Democrats,P02DL,Lmidatlantic,s43,ba31,"University of Maryland, Baltimore County",UMBC,"Baltimore, MD",president of the UMBC Student Government Association,P04NL,Lmidatlantic,s44,ba32,Old Dominion University,ODU,"Norfolk, VA",president of the Old Dominion University College Republicans,P06RL,Lmidatlantic,s44,ba32,Old Dominion University,ODU,"Norfolk, VA",president of the Old Dominion University College Democrats,P02DL,Lmidatlantic,s44,ba32,Old Dominion University,ODU,"Norfolk, VA",president of the Old Dominion University Student Government Association,P04NL,L